ID;TITLE;AUTHOR;TYPE;LOCATION;DATE;ABSLINK;FORMLINK;AXIS;PAPERLINK
K001;Fault Detection and Diagnosis in Controlled Systems;Luís Cláudio Oliveira-Lopes;Keynote;CT2;Mon, 11:00;https://www.ufrgs.br/psebr/en/keynote-speakers/#Fault;https://www.ufrgs.br/psebr/en/keynote-speakers/#Fault;Fault Detection and Diagnostics;a
K002;Assessment, Diagnosis, and Maintenance of Industrial MPCs in the Digital Transformation Age;Jorge O. Trierweiler;Keynote;CT2;Mon, 14:00;https://www.ufrgs.br/psebr/en/keynote-speakers/#DiagnosisMPC;https://www.ufrgs.br/psebr/en/keynote-speakers/#DiagnosisMPC;Process Control and Instrumentation;a
K003;A nonlinear MPC with optimizing targets;Darci Odloak;Keynote;CT2;Tue, 11:00;https://www.ufrgs.br/psebr/en/keynote-speakers/#NMPC;https://www.ufrgs.br/psebr/en/keynote-speakers/#NMPC;Process Control and Instrumentation;a
K004;To be announced;SENAI;Keynote;CT2;Tue, 14:00;a;a;Synthesis and Process Design;a
K005;Getting closer to a fully predictive equation of state for rigorous simulation of chemical process: COSMO-SAC-Phi;Rafael de Pelegrini Soares;Keynote;CT2;Tue, 16:00;https://www.ufrgs.br/psebr/en/keynote-speakers/#ModellingProduct;https://tinyurl.com/y6cw6nfj;Molecular Modelling and Product Design;a
K006;New techniques for Real Time Optimization: Asynchronous and Persistent Adaptation;Galo Antonio C. Le Roux;Keynote;CT2;Wed, 09:00;https://www.ufrgs.br/psebr/en/keynote-speakers/#ProcessOptimization;https://www.ufrgs.br/psebr/en/keynote-speakers/#ProcessOptimization;Process Optimization;a
K007;Towards a biomass matrix for fuels and chemicals: how Process Systems Engineering can help bridging the gap for the low carbon economy?;Roberto de Campos Giordano;Keynote;CT2;Wed, 11:00;https://www.ufrgs.br/psebr/en/keynote-speakers/#ProcessModellingSimulation;https://www.ufrgs.br/psebr/en/keynote-speakers/#ProcessModellingSimulation;Modeling and Simulation of Processes;a
K008;The Digital Twin in the Chemical Industry;Bruna Giron;Keynote;CT2;Wed, 14:00;https://www.ufrgs.br/psebr/en/keynote-speakers/#Toolbox;https://www.ufrgs.br/psebr/en/keynote-speakers/#Toolbox;Industrial Applications of PSE Tools;a
A001;Nature Based Control Structures;Luís Gustavo Soares Longhi;Oral;CT2;Tue, 12:00;https://goo.gl/DLsRGQ;https://goo.gl/WA837T;Process Control and Instrumentation;a
A002;The influence of fouling dynamics on distillation preheat train equipment cleaning planning;Fábio dos Santos Liporace;Oral;CT2;Wed, 14:30;https://goo.gl/c1NEDM;https://goo.gl/ydY8vC;Industrial Applications of PSE Tools;a
A003;Soybean Biorefinery: Economic Evaluation;Thaís Veiga Barreiros;Poster;Block A;Mon, 16:00 to 17:30;https://goo.gl/bixhKZ;https://goo.gl/6rd1nH;Process Integration and Intensification;a
A004;Propylene glycol from glycerol: a process evaluation and break-even price determination;André Ferreira Young;Poster;Block A;Mon, 16:00 to 17:30;https://goo.gl/GgqtcL;https://goo.gl/F6bn9p;Process Modelling and Simulation;a
A005;Modeling and Dynamics of Water Scrubbing for CO2 Capture to Upgrade Biogas to Biomethane;Iago Santos Mesquita;Poster;Block A;Mon, 16:00 to 17:30;https://goo.gl/GK4Bpz;https://goo.gl/eXDcvA;Process Modelling and Simulation;a
A006;Modeling and Energy Integration Stydy of Lipids Microencapsulation Process Using Spray Dryer;Kamila de Sá Oliveira;Poster;Block A;Mon, 16:00 to 17:30;https://goo.gl/FU3oYP;https://goo.gl/56xfe8;Process Integration and Intensification;a
A007;Creation of a Representative Model for the Formulation of Specific Lubricating Oils;Marcelo Oliveira Queiroz de Almeida;Poster;Block A;Mon, 16:00 to 17:30;https://goo.gl/6rMwDk;https://goo.gl/Kthc3d;Process Optimization;a
A008;Improving energy recovery by optimal control in heat exchangers networks under fouling;Mauro Antonio da Silva Sá Ravagnani;Poster;Block A;Mon, 16:00 to 17:30;https://goo.gl/emepGU;https://goo.gl/nuEMDa;Process Control and Instrumentation;a
A009;Leak Detection and Location Using Acoustic Method and Machine Learning Algorithms;Ana Maria Frattini Fileti;Poster;Block A;Mon, 16:00 to 17:30;https://goo.gl/ka4H87;https://goo.gl/He1acs;Fault Detection and Diagnostics;a
A010;Stiction Detection: Problems in Industrial Application;Jorge Otávio Trierweiler;Poster;Block A;Mon, 16:00 to 17:30;https://goo.gl/KWNeaP;https://goo.gl/Wnb6Na;Fault Detection and Diagnostics;a
A011;A Short Review and Challenges on Oscillation Detection in Process Industries;Jorge Otávio Trierweiler;Poster;Block A;Mon, 16:00 to 17:30;https://goo.gl/z79nx4;https://goo.gl/5bvboi;Fault Detection and Diagnostics;a
A012;Simulation and evaluation of alternative designs for ethylbenzene production;Fernando Henrique Marques;Poster;Block A;Mon, 16:00 to 17:30;https://goo.gl/kdeCR6;https://goo.gl/ndTnCZ;Process Modelling and Simulation;a
A013;Cogeneration Source Diagram;Filipe Augusto Rodrigues do Amaral;Poster;Block A;Mon, 16:00 to 17:30;https://goo.gl/cmhRYW;https://goo.gl/9gAU7y;Process Integration and Intensification;a
A014;Comparison of two mathematical models of the process of CO2 separation from gaseous hydrocarbons by membrane permeation;Fausto Soares Moretti;Poster;Block A;Mon, 16:00 to 17:30;https://goo.gl/s7pwvS;https://goo.gl/GTYaYK;Process Modelling and Simulation;a
A015;Inferring kinetic dissolution of NaCl in aqueous glycol solution using a low-cost apparatus and population balance model ;Caio Felippe Curitiba Marcellos;Poster;Block A;Mon, 16:00 to 17:30;https://goo.gl/EDEyoL;https://goo.gl/c93dxT;Process Control and Instrumentation;a
A017;Experimental study of the dynamic behavior of a dissolved air flotation prototype using artificial neural networks;Ana Cláudia Oliveira e Souza;Oral;CT2;Tue, 09:30;https://goo.gl/S8mZht;https://goo.gl/K92vg8;Process Modelling and Simulation;a
A018;Modeling and simulation of continuous thermal processing of non-newtonian liquid foods in a unit for continuous flow pasteurization;Tamires Kawahara Oishi;Poster;Block A;Mon, 16:00 to 17:30;https://goo.gl/kfgZ23;https://goo.gl/SnBC9G;Process Modelling and Simulation;a
A019;A methodology for generating datasets for development of anomaly detectors in oil wells based on Artificial Intelligence techniques;Ricardo Emanuel Vaz Vargas;Oral;CT2;Mon, 11:30;https://goo.gl/n7iy2b;https://goo.gl/XwkhK6;Fault Detection and Diagnostics;a
A020;Modeling and Simulation of an Enzymatic Degradation Process with Peroxidase Mechanism;Alexandre Santuchi da Cunha;Poster;Block A;Mon, 16:00 to 17:30;https://goo.gl/TbnzAS;https://goo.gl/bXzgok;Process Modelling and Simulation;a
A021;Piping design software improves integration and enables faster and more cost-effective decision making during the design phase;Anna Amélia Paula Gomes de Oliveira Ambrósio;Poster;Block A;Mon, 16:00 to 17:30;https://goo.gl/6z1RaV;https://goo.gl/ATpYt3;Process Synthesis and Design;a
A022;Technical Evaluation of Methanol Production Through CO2 Hydrogenation in the Brazilian Market;Gabriel Libório Princhak;Poster;Block A;Mon, 16:00 to 17:30;https://goo.gl/tsyDYD;https://goo.gl/tkUgVm;Process Modelling and Simulation;a
A023;Process simulation and life cycle analysis of a continuous soybean biodiesel process;Paula Ciribeli Gonçalves;Poster;Block A;Mon, 16:00 to 17:30;https://goo.gl/u4duM1;https://goo.gl/C45k6i;Process Optimization;a
A024;Tuning of a cooperative-distributed model predictive controller: towards stability and performance;Daniel Diniz Santana;Oral;CT2;Mon, 14:45;https://goo.gl/TfP59T;https://goo.gl/r53swv;Process Control and Instrumentation;a
A025;Predict sheet-break in a pulp and paper mill with machine learning and data analysis;Flavio Waltz;Poster;Block A;Mon, 16:00 to 17:30;https://goo.gl/nHVfjS;https://goo.gl/k5ZeYM;Fault Detection and Diagnostics;a
A026;Model Proposals to Describe the Dynamic Behavior of Hot-bypass Pressure Control for Distillation Columns;Jorge Otávio Trierweiler;Poster;Block A;Mon, 16:00 to 17:30;https://goo.gl/U9PaFF;https://goo.gl/Us4vjH;Process Modelling and Simulation;a
A027;Development of a dynamic model and simulation to pressure control to offshore water injection system aiming anomaly trend analysis;Ninoska Bojorge;Poster;Block A;Mon, 16:00 to 17:30;https://goo.gl/drgqYa;https://goo.gl/XLATL1;Process Control and Instrumentation;a
A028;Modeling and simulation of sugar cane spirit process in the presence of volatile organic compounds;Isabella Christina Cavalcante Quaranta;Oral;CT2;Wed, 11:30;https://goo.gl/pqqAmb;https://goo.gl/kwW6Q8;Process Modelling and Simulation;a
A029;Deep Reinforcement Learning for Process Control and Optimization;Bruno Didier Olivier Capron;Oral;CT2;Tue, 09:45;https://goo.gl/Vph4tW;https://goo.gl/PFaE6X;Data Mining and Machine Learning;a
A030;Cocrystallization modeling: a review;Caliane Bosta Borba Costa;Oral;CT2;Wed, 11:45;https://goo.gl/qsK77D;https://goo.gl/wxSMJt;Process Modelling and Simulation;a
A032;An Actor-Critic Reinforcement Learning algorithm applied to process control;Bruno Didier Olivier Capron;Poster;Block A;Mon, 16:00 to 17:30;https://goo.gl/hJnpaq;https://goo.gl/a9CddL;Process Control and Instrumentation;a
A033;Deep Learning meets Fault Detection and Diagnosis;Gilberto Magalhães Xavier;Oral;CT2;Mon, 11:45;https://goo.gl/BvYg7o;https://goo.gl/xWh1uL;Fault Detection and Diagnostics;a
A034;Dynamic Simulation of a Pulsatile Flow by Applying Pressure Variations;Matheus R. Marques de Almeida;Poster;Block A;Mon, 16:00 to 17:30;https://goo.gl/8KvS22;https://goo.gl/eK14ho;Process Modelling and Simulation;a
A035;A comprehensive review of optimization studies applied to reactive dividing wall column;Murielk Sebrian Valvassore;Poster;Block A;Mon, 16:00 to 17:30;https://goo.gl/GMPYx4;https://goo.gl/8t5PXj;Process Integration and Intensification;a
A036;Plant layout optimization in synthesis of heat exchanger networks;Maria Alexandra Pires Cruz;Poster;Block A;Mon, 16:00 to 17:30;https://goo.gl/S1ipAj;https://goo.gl/AfawPf;Process Integration and Intensification;a
A037;Estimation of the mean moisture content of a population of milk powder particles with different residence times in a spray dryer;Diego Henrique de Souza Chaves;Oral;CT2;Tue, 16:30;https://goo.gl/kZQ4JA;https://goo.gl/pgKjqE;Process Modelling and Simulation;a
A038;2D CFD simulation of photocatalytic NOx abatement process in a flat plate reactor;Natan Padoin;Oral;CT2;Tue, 16:45;https://goo.gl/SUgVe6;https://goo.gl/z9YJaE;Process Modelling and Simulation;a
A039;Application and Development of Nanomaterials using Molecular Dynamics Simulation;Natan Padoin;Poster;Block A;Mon, 16:00 to 17:30;https://goo.gl/Y5gPY4;https://goo.gl/puuUL2;Molecular Modelling and Product Design;a
A040;Validation of feedforward control for synthesis in photomicroreactor under sunlight fluctuating irradiation;Natan Padoin;Poster;Block A;Mon, 16:00 to 17:30;https://goo.gl/eP3b4S;https://goo.gl/MXseLQ;Process Integration and Intensification;a
A041;LQR Controller for ALSTON Gasifier Benchmark Based on a Balanced and Reduced Order Model;Felipe Coelho Vieira;Poster;Block A;Mon, 16:00 to 17:30;https://goo.gl/fy17Ab;https://goo.gl/xzm2bG;Process Control and Instrumentation;a
A042;Modeling, simulation and control of a propane-propylene splitter;Stefan Suarez Ferreira;Poster;Block A;Mon, 16:00 to 17:30;https://goo.gl/rQVmwg;https://goo.gl/DV5Gau;Process Modelling and Simulation;a
A043;Process integration enhancement via black liquor gasification in the Kraft pulp industry;Meire Ellen Gorete Ribeiro Domingos;Poster;Block A;Mon, 16:00 to 17:30;https://goo.gl/MNgWCe;https://goo.gl/Mjxkpn;Process Modelling and Simulation;a
A044;Modeling and Synthesis of Cooling Water Pump Network;Ricardo de Freitas Fernandes Pontes;Oral;CT2;Tue, 15:00;https://goo.gl/jthKv5;https://goo.gl/pPXdNV;Process Synthesis and Design;a
A045;Dynamic modeling of ultra-pasteurization on dairy products by energy balance on discretized heat exchangers;Gabriela Pinho Tavares Rittershaussen;Poster;Block A;Mon, 16:00 to 17:30;https://goo.gl/aEwc5M;https://goo.gl/1SjbGU;Process Modelling and Simulation;a
A048;On the Energy Consumption Impact when Liquefying Different Natural Gases with a Fixed Mixed Refrigerant Working Fluid;Rafael de Pelegrini Soares;Poster;Block A;Mon, 16:00 to 17:30;https://goo.gl/G11AKv;https://goo.gl/sxvnWJ;Process Optimization;a
A049;Cost optimization of neutralizing amines used in corrosion control off overhead systems;Rafael de Pelegrini Soares;Poster;Block A;Mon, 16:00 to 17:30;https://goo.gl/SkKu6J;https://goo.gl/gdTwMp;Process Optimization;a
A050;Application of an optimization model for hydrogen networks;Jorge Otávio Trierweiler;Poster;Block A;Mon, 16:00 to 17:30;https://goo.gl/gyZ7zs;https://goo.gl/A8gTC7;Process Optimization;a
A051;Synthesis of Alternative Flowsheet for the Process of Energy Generation from MSW;Júlia Pancini de Oliveira;Poster;Block A;Mon, 16:00 to 17:30;https://goo.gl/9iXpaS;https://goo.gl/54D48o;Process Synthesis and Design;a
A052;Optimization of an Ammonia Synthesis Reactor According to the Activity of Components;Kennedy de Barros Matos;Poster;Block A;Mon, 16:00 to 17:30;https://goo.gl/zvdCy2;https://goo.gl/7KYFGG;Process Optimization;a
A053;Explicit Solution of Isotopomer Labeling Balances for Metabolic Flux Estimation;Rafael David de Oliveira;Poster;Block A;Mon, 16:00 to 17:30;https://goo.gl/xfkYr8;https://goo.gl/cxSoZ3;Process Modelling and Simulation;a
A054;Review of multiple-effect evaporation dynamic modeling and control;Erick Yuki Emori;Poster;Block A;Mon, 16:00 to 17:30;https://goo.gl/bHr3wG;https://goo.gl/gtd48y;Process Modelling and Simulation;a
A055;Bullheading optimization study under PMCD technique;Gabrielle Fontella de Moraes Oliveira;Poster;Block A;Mon, 16:00 to 17:30;https://goo.gl/gk7Bhh;https://goo.gl/21ncig;Process Modelling and Simulation;a
A056;Nonlinear Model Predictive Control of a Depropanizer Column;Ana Carolina Guimarães Costa;Poster;Block A;Mon, 16:00 to 17:30;https://goo.gl/FRStE1;https://goo.gl/rfydqt;Process Control and Instrumentation;a
A057;A practical model predictive control strategy to centrifugal compressor anti-surge protection;Rodrigo Lima Meira;Poster;Block A;Mon, 16:00 to 17:30;https://goo.gl/Lntk3i;https://goo.gl/DyAgQo;Process Control and Instrumentation;a
A058;Design of Novel Carbon Nanothread-based Nanoporous Materials;André R. Muniz;Oral;CT2;Tue, 17:00;https://goo.gl/Qep5eU;https://goo.gl/c66zAo;Molecular Modelling and Product Design ;a
A059;Water Sources Diagram and its Applications;Ewerton Emmanuel da Silva Calixto;Oral;CT2;Tue, 14:30;https://goo.gl/7WuwXB;https://goo.gl/n5sy2U;Process Integration and Intensification;a
A060;Retro-Techno-Economic-Environmental Analysis (RTEEA): PSE tools to define research & development targets applied to the sugarcane biorefinery case;Andrew Milli Elias;Poster;Block A;Mon, 16:00 to 17:30;https://goo.gl/URqHk6;https://goo.gl/tbCdw9;Process Modelling and Simulation;a
A061;API and Interface Development for Biodiesel Reaction System Optimization;Rony Szuster;Poster;Block A;Mon, 16:00 to 17:30;https://goo.gl/tu6U66;https://goo.gl/ZrKZUF;Process Synthesis and Design;a
A062;Prediction of NRTL model parameters through artificial neural networks;Ana Bárbara Moulin Cansian;Poster;Block A;Mon, 16:00 to 17:30;https://goo.gl/wiaUzb;https://goo.gl/KUu9fy;Data Mining and Machine Learning;a
A064;Study of the economic viability of ethanol production from coffee husks;Victor Hugo Princisval Marinho;Poster;Block A;Mon, 16:00 to 17:30;https://goo.gl/hSCTfT;https://goo.gl/YUf1RL;Process Modelling and Simulation;a
A065;Kinetics of Ni2+-Cr3+ mixture adsorption using artificial neural networks;Gabriel Yoshiaki Ottaiano;Poster;Block A;Mon, 16:00 to 17:30;https://goo.gl/zi8d1M;https://goo.gl/ZxJy9M;Process Modelling and Simulation;a
A066;Economic Evaluation of Process Intensification in Ethylbenzene Production;Pedro Gabriel Junqueira Lopes;Poster;Block A;Mon, 16:00 to 17:30;https://goo.gl/iU2bf9;https://goo.gl/jiA5zt;Process Integration and Intensification;a
A067;Application of an Integrated Methodology for the Synthesis of Water Networks and Wastewater Treatment in the Pulp and Paper Industry;Thamiris Dias Silva Mascarenhas;Poster;Block A;Mon, 16:00 to 17:30;https://goo.gl/cz9tFx;https://goo.gl/Cg1YBj;Process Integration and Intensification;a
A068;Analysis of the Degree of Mixing in Passive Microdevices;Natália de Camargo Lima Beluci;Poster;Block A;Mon, 16:00 to 17:30;https://goo.gl/ZfnPZr;https://goo.gl/atfep9;Process Modelling and Simulation;a
A069;VBA Computational Tool for Modeling and Analyzing the Operating Performance of a Cooling Tower;Jade Spinola Ávila;Poster;Block A;Mon, 16:00 to 17:30;https://goo.gl/CLHNgS;https://goo.gl/hHyFJx;Process Modelling and Simulation;a
A070;Influence of Air Flow Variation on a Cooling Tower: The Case of a Refinery;Jade Spinola Ávila;Oral;CT2;Mon, 12:00;https://goo.gl/zWtdbN;https://goo.gl/eYmNcV;Fault Detection and Diagnostics;a
A071;Technical and Economic Efficiency Modeling In Sucronergetic Mills Steam Generation Centers ;Roque Machado de Senna;Poster;Block A;Mon, 16:00 to 17:30;https://goo.gl/3WR5Jd;https://goo.gl/oYx5sR;Industrial Applications of PSE Tools;a
A072;Mathematical and statistical modeling of Water Quality Index. ;Paloma Almeida dos Santos;Poster;Block A;Mon, 16:00 to 17:30;https://goo.gl/Fy18Kg;https://goo.gl/4wf6P8;Process Modelling and Simulation;a
A073;A MILP framework for optimal Biorefinery Design suited for Forest Systems evaluation;Bruno Theozzo;Oral;CT2;Tue, 14:45;https://goo.gl/dkWxgm;https://goo.gl/HaBZSz;Process Synthesis and Design;a
A075;Kinetic modeling of Ni2+ adsorption cycles in fixed bed column using artificial neural networks;Tiago Dias Martins;Poster;Block A;Mon, 16:00 to 17:30;https://goo.gl/jMZEPE;https://goo.gl/ns2rjB;Process Modelling and Simulation;a
A076;Wort boiling advanced process control in a brewery;Flavio Waltz;Oral;CT2;Wed, 14:45;https://goo.gl/AXYnmy;https://goo.gl/EewYxP;Process Control and Instrumentation;a
A077;Thermodynamic modeling of Water+MEG+NaCl applied for natural gas hydrate inhibitor regeneration process;Osvaldo Chiavone Filho;Poster;Block A;Mon, 16:00 to 17:30;https://goo.gl/XH5s4z;https://goo.gl/ars5NN;Process Modelling and Simulation;a
A078;Reduction of industrial oven heating ramp: a proposal for the optimization;Caio Luiz B. Barreiro ;Poster;Block A;Mon, 16:00 to 17:30;https://goo.gl/4UGBND;https://goo.gl/nMjavi;Process Optimization;a
A079;Rice husk for thermoelectric generation: a case study in Santo Antônio da Patrulha – RS;Fernanda Cabral Borges;Poster;Block A;Mon, 16:00 to 17:30;https://goo.gl/wddtrX;https://goo.gl/SyFnhT;Process Synthesis and Design;a
A080;Multi-objective Optimization of a 1G-2G Biorefinery: a breakthrough towards the economic and environmental viability;Roymel Rodríguez Carpio;Oral;CT2;Wed, 09:45;https://goo.gl/sXX2Gr;https://goo.gl/MS5y9P;Process Optimization;a
A081;Combined neural networks and predictive control for heat exchangers network operation;Mauro Antonio da Silva Sá Ravagnani;Poster;Block A;Mon, 16:00 to 17:30;https://goo.gl/Pr19r4;https://goo.gl/gRBCbW;Process Control and Instrumentation;a
A082;A new mixed-integer non-linear programming model for work and heat exchanger network synthesis and optimization;Lucas Francisco dos Santos;Oral;CT2;Wed, 10:00;https://goo.gl/qfZQZr;https://goo.gl/wfDanj;Process Optimization;a
A083;Obtaining the coefficient of mass diffusivity for jackfruit (Artocarpus integrifolia L.) using the CMC model;Juliana Gomes Pimentel;Poster;Block A;Mon, 16:00 to 17:30;https://goo.gl/psJyKV;https://goo.gl/DD1FKY;Process Modelling and Simulation;a
A084;Waste-derived alternative fuels CO2 emissions: cement clinkering process simulation;Débora Goulart Faria;Poster;Block A;Mon, 16:00 to 17:30;https://goo.gl/hkJ9As;https://goo.gl/McSWn9;Process Modelling and Simulation;a
A085;Application of multi-objective optimization for temperature control in a bioreactor system using heuristic algorithms;Lucas Fernando Santos de Jesus;Poster;Block A;Mon, 16:00 to 17:30;https://goo.gl/HVXKou;https://goo.gl/Y6QnED;Process Optimization;a
A086;On compensation of multiple output time delays for stabilizing model predictive control strategies;Cibele Cristina de Araújo Soares;Poster;Block A;Mon, 16:00 to 17:30;https://goo.gl/mcSnA4;https://goo.gl/PZxXq2;Process Control and Instrumentation;a
A087;Kraft Pulping Simulation in a Continuous Digester;Ana Carolina Ornellas Sardou;Poster;Block A;Mon, 16:00 to 17:30;https://goo.gl/GDuLKF;https://goo.gl/Ug1uZZ;Process Modelling and Simulation;a
A088;A mathematical approach of entropy index applied to chemical systems ;Paulo Guilherme Siva de Góes;Poster;Block A;Mon, 16:00 to 17:30;https://goo.gl/PnKqBR;https://goo.gl/4yLCw9;Process Optimization;a
A089;Development of an in-house tool for real-time optimization of small-scale facilities ;Leonardo Dorigo Ribeiro;Poster;Block A;Mon, 16:00 to 17:30;https://goo.gl/k7wafZ;https://goo.gl/QqoU3e;Process Optimization;a
A090;Evaluation of Calcium Carbonate Aggregation dynamics: experimental analysis and population balance modeling;Caio Felippe Curitiba Marcellos;Poster;Block A;Mon, 16:00 to 17:30;https://goo.gl/UeBaWv;https://goo.gl/mcK8DV;Process Modelling and Simulation;a
A091;Dynamic Optimization Using Multi-wavelets in Python;Isabella da Rocha Faria;Poster;Block A;Mon, 16:00 to 17:30;https://goo.gl/QUEJEE;https://goo.gl/QQwRMU;Process Optimization;a
A092;Optimal Control of a Polymerization Reactor Using Multi-wavelets stategy;Isabella da Rocha Faria;Oral;CT2;Wed, 10:15;https://goo.gl/rk3qtj;https://goo.gl/YLM4r4;Process Optimization;a
A093;Simulation of Multivariable Control Loop Using Fractional Calculus;Marcelo Kaminski Lenzi;Oral;CT2;Mon, 15:00;https://goo.gl/dDnJS2;https://goo.gl/N2ek49;Process Control and Instrumentation;a
A094;Lubricant Base Oils Viscosity Index Prediction by Artificial Neural Networks to Optimize Dearomatization Process ;Anie Daniela Medeiros Lima;Poster;Block A;Mon, 16:00 to 17:30;https://goo.gl/4QULwk;https://goo.gl/ertCbt;Process Optimization;a
A095;A Methodology for Data Massive Expansion Using Monte Carlo Technique Applied to a Paper and Pulp Industry Case ;Andréa Pereira Parente;Poster;Block A;Mon, 16:00 to 17:30;https://goo.gl/Eov3mq;https://goo.gl/UmQidx;Fault Detection and Diagnostics;a
A096;Applying the stochastic dispersion model to a complex flow;Ardson dos Santos Vianna Jr.;Oral;CT2;Tue, 17:15;https://goo.gl/XeUyo5;https://goo.gl/qpAcmu;Process Modelling and Simulation;a
A097;Techno-economic evaluation of isobutanol production process by fermentation of genetic modified Saccharomyces cerevisiae;Fábio Antonio Guedes Ferreira;Poster;Block A;Mon, 16:00 to 17:30;https://goo.gl/vWvVmo;https://goo.gl/z6eeux;Process Synthesis and Design ;a
A098;Predictive Control Applied to Fluid Dynamics Processes: Methodology Based on Open Source CFD Software;Giovani Santos Correia da Silva;Poster;Block A;Mon, 16:00 to 17:30;https://goo.gl/QxSoXi;https://goo.gl/tYjPkp;Process Control and Instrumentation;a
A099;Simulation of an integrated plant for methanol production from natural gas of Bacia de Santos;Lívia D'Andrea Vilardo;Poster;Block A;Mon, 16:00 to 17:30;https://goo.gl/PgVjrS;https://goo.gl/Z43TbD;Process Modelling and Simulation;a
A101;Tuning of optimal PID for highly underdamped systems;Marcelo Farenzena;Oral;CT2;Wed, 09:30;https://goo.gl/EqUE2Y;https://goo.gl/tV8wea;Process Control and Instrumentation;a
A102;Synthesis of Multi-Period Heat Exchanger Networks with optimal allocation of multiple utilitie;Fernanda Cabral Borges;Poster;Block A;Mon, 16:00 to 17:30;https://goo.gl/pQoqb6;https://goo.gl/7NcpKg;Process Integration and Intensification;a
A103;Neural network modeling of Dewaxing Properties;Elene de Souza Freitas;Poster;Block A;Mon, 16:00 to 17:30;https://goo.gl/yDniJP;https://goo.gl/5qnHvc;Industrial Applications of PSE Tools;a
A104;Application of Real-time Optimization with Persistent Parameter Adaptation (ROPA) to a Continuous Stirred Tank reactor (CSTR);Andréia Abadia Borges Carneiro;Poster;Block A;Mon, 16:00 to 17:30;https://goo.gl/ULKM9E;https://goo.gl/SaUL5N;Process Optimization;a
A105;A Robust Adaptive MPC coupled with Kalman Filter for an Electric Submersible Pump System: A multi-model approach;Pedro de Azevedo Delou;Poster;Block A;Mon, 16:00 to 17:30;https://goo.gl/4jVxTC;https://goo.gl/ymuFG5;Process Control and Instrumentation;a
A106;Use of the Direct Optimization Method for Phase Equilibrium Calculation of Binary Systems for Liquid-Liquid Separation;Caio Rodrigues Soares;Poster;Block A;Mon, 16:00 to 17:30;https://goo.gl/V5Qh5Z;https://goo.gl/Q6Ujrs;Process Optimization;a
A107;Study of the influence of ion concentration on transport properties;Caio Rodrigues Soares;Poster;Block A;Mon, 16:00 to 17:30;https://goo.gl/Vrr7ci;https://goo.gl/hjeu34;Process Modelling and Simulation;a
A108;Synthesis of work and heat exchange networks considering piecewise approximations for non-constant heat capacities;Caliane Borba Costa;Poster;Block A;Mon, 16:00 to 17:30;https://goo.gl/4RJJnq;https://goo.gl/AttbHL;Process Optimization;a
A109;Evaluation of acetic acid production from CO2 through thermodynamic equilibrium calculations;Kelvin Andre Pacheco;Poster;Block A;Mon, 16:00 to 17:30;https://goo.gl/YxhNGQ;https://goo.gl/1tDZxL;Process Modelling and Simulation;a
A110;Simulation of Synthetic Bunker Production Produced from GTL Technology;Pedro Ribeiro Siqueira Santos ;Poster;Block A;Mon, 16:00 to 17:30;https://goo.gl/cZUnn9;https://goo.gl/NoMGef;Process Modelling and Simulation;a
A111;Application of molecular dynamics simulation in a simple self-diffusion and adsorption phenomena in metallic materials;Pedro Enrique Monforte Brandão Marques;Poster;Block A;Mon, 16:00 to 17:30;https://goo.gl/VZQmWi;https://goo.gl/Wbz4sW;Molecular Modelling and Product Design;a
A112;Models of High Index Differential-Algebraic Equations Identified to Transfer Functions by the Direct Method of Initialization;Priamo Albuquerque melo Jr;Oral;CT2;Wed, 12:00;https://goo.gl/fXuQYm;https://goo.gl/J7MCUG;Process Modelling and Simulation;a
A113;On the use of a Lipschitz-based framework for nonlinear output feedback MPC;Guilherme Augusto de Almeida Gonçalves;Oral;CT2;Tue, 11:30;https://goo.gl/HxBhV9;https://goo.gl/5Qzeas;Process Control and Instrumentation;a
A114;Dynamic Modeling of Drilling Fluid Flow on a Vibrating Screen;Luís Cláudio Oliveira-Lopes;Poster;Block A;Mon, 16:00 to 17:30;https://goo.gl/nWXkcn;https://goo.gl/1Dt7L9;Process Modelling and Simulation;a
A115;In-Line Monitoring and Parameter Estimation of the Miniemulsion Copolymerization of Vinyl Pivalate and Methyl Methacrylate;Luiz Phelipe M. Cunha;Poster;Block A;Mon, 16:00 to 17:30;https://goo.gl/jqqCyN;https://goo.gl/LXu2uy;Process Modelling and Simulation;a
A116;Modeling of Vinyl Acetate / Acrylic Acid Suspension Copolymerizations Based on the Penultimate Unit Effect;Luiz Phelipe M. Cunha;Poster;Block A;Mon, 16:00 to 17:30;https://goo.gl/3Yj3ue;https://goo.gl/3CKfBC;Process Modelling and Simulation;a
A117;Comparison of different solvents, for the separation of the azeotrope acetone-chloroform, through the simulator ProSim Plus;Guilherme Ferreira da Silva;Poster;Block A;Mon, 16:00 to 17:30;https://goo.gl/E14HNt;https://goo.gl/5xvqs6;Process Optimization;a
A118;Hybrid surrogate model based on look-up tables;Felipe Fernando Furlan;Poster;Block A;Mon, 16:00 to 17:30;https://goo.gl/8bhnX6;https://goo.gl/SsWkza;Process Modelling and Simulation;a
A119;Aspen HYSYS Simulation of the Production of Ethylene from Fossil Raw-Material;Amanda L. T. Brandão;Poster;Block A;Mon, 16:00 to 17:30;https://goo.gl/EmcSwW;https://goo.gl/h5kUV9;Process Modelling and Simulation;a
A120;On the transportability of predictive models based on neural networks: chemical industry applications;Renê Landim de Oliveira;Poster;Block A;Mon, 16:00 to 17:30;https://goo.gl/QHru9J;https://goo.gl/d62LPj;Industrial Applications of PSE Tools;a
A121;Measurement and modeling of crystal size and shape distributions of potassium sulfate through dynamic image analysis in batch cooling crystallization;Marcellus Guedes Fernandes de Moraes;Poster;Block A;Mon, 16:00 to 17:30;https://goo.gl/TC4m1q;https://goo.gl/omTqvF;Process Modelling and Simulation;a
A122;MPC Rescheduling Strategy for Batch Problems;Luís Cláudio Oliveira-Lopes;Poster;Block A;Mon, 16:00 to 17:30;https://goo.gl/B9is6V;https://goo.gl/LeCjr2;Production Planning and Scheduling;a
A123;Dynamic response to process disturbances: A comparison between SMBR/TMBR models in transient regime;Vinicius Viena Santana;Oral;CT2;Wed, 12:15;https://goo.gl/nXhjqr;https://goo.gl/qJj5zq;Process Modelling and Simulation;a
A124;Distributed Model Predictive Controller of Nonlinear Processes based on Automatic Partitioning of the Incidence Information Matrix;Luís Cláudio Oliveira-Lopes;Oral;CT2;Tue, 11:45;https://goo.gl/q6wUnY;https://goo.gl/pKyrxu;Process Control and Instrumentation;a
A125;On Fault Classification Strategies of Controlled Systems;Luís Cláudio Oliveira-Lopes;Poster;Block A;Mon, 16:00 to 17:30;https://goo.gl/a48tns;https://goo.gl/DHjpRW;Fault Detection and Diagnostics;a
A126;Analysis of Four Sections Simulated Moving Bed Process for Enantiomeric Separation;Luís Cláudio Oliveira-Lopes;Poster;Block A;Mon, 16:00 to 17:30;https://goo.gl/Q6akGr;https://goo.gl/xTJn7b;Process Modelling and Simulation;a
A127;Application of DEM in the Modeling of Vibrating Screens Used in the Solid Control System of Drilling Industries;Luís Cláudio Oliveira-Lopes;Poster;Block A;Mon, 16:00 to 17:30;https://goo.gl/6xmuBB;https://goo.gl/iWZmhT;Process Modelling and Simulation;a
A128;A Preliminary Study of the Technological Prospection of Cosmetic Additives â€“ Glycolic Acid and Antioxidant Compounds, Through Analysis of Database of Patents and Articles Using ARN;Suéllen Quintanilha Martins Chagas;Poster;Block A;Mon, 16:00 to 17:30;https://goo.gl/43GVyX;https://goo.gl/9AFgQv;Data Mining and Machine Learning;a
A129;Life Cycle Assessment of the Replacement of the Hexane by Ethanol on the Soybean Oil Extraction Process;Simone C. Miyoshi;Poster;Block A;Mon, 16:00 to 17:30;https://goo.gl/J6qp7z;https://goo.gl/jDtZYa;Process Modelling and Simulation;a
A130;Development of Cost Curves to Assist CAPEX Estimates of PTA, MEG and PET Production Processes;Ana Carolina Ornellas Sardou;Poster;Block A;Mon, 16:00 to 17:30;https://goo.gl/3jC3G2;https://goo.gl/anVjMv;Process Synthesis and Design;a
A131;Volume, Energy and Composition-Based Back Allocation for Natural Gas Processing Products â€“ Mathematical Formulation and Methodology Comparison;Tayná Embiruçu;Poster;Block A;Mon, 16:00 to 17:30;https://goo.gl/1uxBom;https://goo.gl/GLwTeq;Production Planning and Scheduling;a
A132;Determination of heat transfer parameters for the transient cycle model of steelmaking ladles;Romildo Pereira Brito;Poster;Block A;Mon, 16:00 to 17:30;https://goo.gl/tV9cKZ;https://goo.gl/mTU5az;Process Modelling and Simulation;a
A133;Kriging modeling applied to the clinker production process;Gladson Euler Lima Júnior;Oral;CT2;Tue, 10:00;https://goo.gl/1ffDo3;https://goo.gl/nHHRqF;Process Modelling and Simulation;a
A134;Modelling, Simulation and Analysis of an Industrial Zinc Roasting Process;Romildo Pereira Brito;Poster;Block A;Mon, 16:00 to 17:30;https://goo.gl/C6CuCk;https://goo.gl/rXcmLC;Process Modelling and Simulation;a
A135;Modeling and Simulation of Green Liquor Caustification of the Kraft Pulp Extraction Process;Romildo Pereira Brito;Poster;Block A;Mon, 16:00 to 17:30;https://goo.gl/YwGvYC;https://goo.gl/aK7UEQ;Process Modelling and Simulation;a
A136;Modelling and Simulation of an Industrial Clinker Production Process;Gladson Euler Lima Júnior;Poster;Block A;Mon, 16:00 to 17:30;https://goo.gl/Zxkgx7;https://goo.gl/e8DU3u;Process Modelling and Simulation;a
A137;Development of alternative options for the optimization of an iron ore pelletizing process;Romildo Pereira Brito;Poster;Block A;Mon, 16:00 to 17:30;https://goo.gl/QyTFe6;https://goo.gl/QP1cz3;Process Modelling and Simulation;a
A138;Evaluation of Thermodynamic Models in the Capture of CO2 via Chemical Absorption with MEA;Romildo Pereira Brito;Poster;Block A;Mon, 16:00 to 17:30;https://goo.gl/AC5wQA;https://goo.gl/nac8bx;Process Modelling and Simulation;a
A139;Process simulation to energy production from bio-oil Steam Reforming;Caroline Teixeira Rodrigues;Poster;Block A;Mon, 16:00 to 17:30;https://goo.gl/1jh71a;https://goo.gl/eTDT6X;Process Modelling and Simulation;a
A140;Nonlinear model predictive control: tracking and zone control;Guilherme Augusto Silva de Souza;Poster;Block A;Mon, 16:00 to 17:30;https://goo.gl/U8U9gS;https://goo.gl/B5w31T;Process Control and Instrumentation;a
A141;Synthesis of reactors network with economic optimization;Victor Pádua Teixeira;Poster;Block A;Mon, 16:00 to 17:30;https://goo.gl/Qt6JTr;https://goo.gl/qj6V9x;Process Optimization;a
A142;Photomicroreactors optimization using optical simulation;Natan Padoin;Poster;Block A;Mon, 16:00 to 17:30;https://goo.gl/3JqQoW;https://goo.gl/dRrfw9;Process Modelling and Simulation;a
A143;Simulation of a membrane photo-reactor for wastewater and water treatment using Computational Fluid Dynamics;Natan Padoin;Poster;Block A;Mon, 16:00 to 17:30;https://goo.gl/hEZNnz;https://goo.gl/SBzGVj;Process Modelling and Simulation;a
A144;CFD-Based Analysis of Photocatalytic Reactor Applied to the Degradation of Perchloroethylene: A Step Towards Intensification;Natan Padoin;Poster;Block A;Mon, 16:00 to 17:30;https://goo.gl/GXRzLA;https://goo.gl/8jMcmV;Process Modelling and Simulation;a
A145;CFD-based analysis of an annular reactor applied to pollutant degradation through H2O2/UVC and UVC processes;Natan Padoin;Poster;Block A;Mon, 16:00 to 17:30;https://goo.gl/ai9DJA;https://goo.gl/CyH9X4;Process Modelling and Simulation;a
A146;Carbon Pore Size Optimization for CO2 Capture by Pressure Swing Adsorption;Hugo Rocha Peixoto;Poster;Block A;Mon, 16:00 to 17:30;https://goo.gl/eHqkaP;https://goo.gl/qG8gZw;Process Integration and Intensification;a
A147;Revenue optimization of oil and natural gas exports in a platform of the Santos Basin;Thiago C. d'Avila;Poster;Block A;Mon, 16:00 to 17:30;https://goo.gl/ZPv5B1;https://goo.gl/8pVRi9;Process Optimization;a
A148;Validation of COCO Simulator using Datas of Energy Thermal of Sucroenergetic Plants;Admilson Lopes Vieira;Poster;Block A;Mon, 16:00 to 17:30;https://goo.gl/63KbGv;https://goo.gl/PgQ2rQ;Process Modelling and Simulation;a
A149;Development of a virtual sensor using artificial neural networks to monitor the moisture content in gas-solid fluidized bed;Carlos Alexandre Moreira da Silva;Poster;Block A;Mon, 16:00 to 17:30;https://goo.gl/oo9xFK;https://goo.gl/AdVnEi;Process Modelling and Simulation;a
A150;Development of a micro controlled solar tracker applied to the generation of photovoltaic energy;Cid Marcos Gonçalves Andrade;Poster;Block A;Mon, 16:00 to 17:30;https://goo.gl/KFprUa;https://goo.gl/Bwidv8;Process Control and Instrumentation;a
A151;Adaptive I-PD controller based on Recursive Least Squares ;Marcelo Farenzena;Poster;Block A;Mon, 16:00 to 17:30;https://goo.gl/hbqApD;https://goo.gl/DdNzdD;Process Control and Instrumentation;a
A152;2-D Model of spiral wound membrane for gas separation;Tahyná Barbalho Fontoura;Poster;Block A;Mon, 16:00 to 17:30;https://goo.gl/b8mPQo;https://goo.gl/EXWTRP;Process Modelling and Simulation;a
A153;Simulation and optimization of the second generation bioethanol in fed-batch and continuous mode;Victor Godoy Levatte;Poster;Block A;Mon, 16:00 to 17:30;https://goo.gl/GrPAHZ;https://goo.gl/R5a9Wn;Process Modelling and Simulation;a
A154;Kinetics of second generation ethanol fermentation with cell recycle using artificial neural networks;Lucas Adriel Pereira Soares;Poster;Block A;Mon, 16:00 to 17:30;https://goo.gl/hfHDT3;https://goo.gl/5WUYPT;Process Modelling and Simulation;a
A155;Parameters estimation through stochastic methods of depolymerization kinetics of styrene and cardanol copolymer P(Sty-co-C);Isabelle Cunha Valim;Poster;Block A;Mon, 16:00 to 17:30;https://goo.gl/gMNB51;https://goo.gl/DT8J8j;Process Optimization;a
A156;Application of Elman Neural Network in an Experimental Batch Reactor for Polystyrene Density Prediction;Isabelle Cunha Valim;Oral;CT2;Tue, 10:15;https://goo.gl/2a8zTg;https://goo.gl/KdBAMd;Data Mining and Machine Learning;a
A157;Optimal Catalyst Mixture Using Particle Swarm for the Control of a Propylene Polymerization Reactor;Julio Cesar Sampaio Dutra;Poster;Block A;Mon, 16:00 to 17:30;https://goo.gl/NHdjVE;https://goo.gl/QowJZ5;Process Optimization;a
A158;Operability analysis for fault tolerant control in chemical processes;Pedro Henrique Veiga Rezende;Oral;CT2;Mon, 15:15;https://goo.gl/S7qx6w;https://goo.gl/yDW3sV;Process Control and Instrumentation;a
A159;Comparison between the solutions with use of deterministic and heuristic methods in a fed batch sucrose crystallization model for the B Massecuite vacuum pan;Cid Marcos Gonçalves Andrade;Poster;Block A;Mon, 16:00 to 17:30;https://goo.gl/LdDdkA;https://goo.gl/EnGTB3;Process Modelling and Simulation;a
A160;Gradient Boosting Virtual Analyzer for Real-Time Process Monitoring in a Polymer Slurry Process;Gustavo A. Neumman;Oral;CT2;Wed, 15:00;https://goo.gl/Zd9Bbh;https://goo.gl/HdR9BA;Industrial Applications of PSE Tools;a
A161;Evaluation of energy consumption for biodiesel production from the transesterification of triolein on solid catalysts ZnAl2O4;Rafael Barbosa Rios;Poster;Block A;Mon, 16:00 to 17:30;https://goo.gl/LdtQcc;https://goo.gl/nwtURB;Process Modelling and Simulation;a
A162;Fractional order systems identification, a brief review;Cid Marcos Gonçalves Andrade;Poster;Block A;Mon, 16:00 to 17:30;https://goo.gl/jatRLM;https://goo.gl/pdZtbZ;Process Control and Instrumentation;a
A163;Design, optimization and economic evaluation for the production of higher alcohols from bioethanol;Leonardo Dantas de Souza Netto;Poster;Block A;Mon, 16:00 to 17:30;https://goo.gl/LkJ1wd;https://goo.gl/rzDnht;Process Synthesis and Design;a
A164;Nonlinear Model Predictive Control under Uncertainty applied to a Subsea Compression Station;Maurício Bezerra de Souza Jr.;Oral;CT2;Mon, 14:30;https://goo.gl/gDGjLQ;https://goo.gl/iisXY5;Process Control and Instrumentation;a
A165;Thermo-economic optimization of Organic Rankine Cycle using a heuristic method;Maria Nayara Pontes Santos;Poster;Block A;Mon, 16:00 to 17:30;https://goo.gl/QBpjP7;https://goo.gl/98utkf;Process Optimization;a
A166;Utilization of pentoses from sugarcane bagasse: an integrated techno-economic and environmental approach;Felipe Fernando Furlan;Poster;Block A;Mon, 16:00 to 17:30;https://goo.gl/YjvZYa;https://goo.gl/STXb9J;Process Modelling and Simulation;a
A167;Optimization of configuration for MEA-based CO2 absorption from process simulations;Rafael Barbosa Rios ;Poster;Block A;Mon, 16:00 to 17:30;https://goo.gl/KRYPBw;https://goo.gl/kZGyAy;Process Optimization;a
A169;Modelling and Simulation of Sodium Bicarbonate and Ammonium Sulfate Production in the Sugarcane Industry;Lucas Bonfim Rocha;Poster;Block A;Mon, 16:00 to 17:30;https://goo.gl/Ni5DxJ;https://goo.gl/6xeZLe;Process Modelling and Simulation;a
A170;Technical analysis of the reduction of alcoholic fermentation CO2 by the integrated production of succinic acid;Pedro Henrique de Azevedo Andrade;Poster;Block A;Mon, 16:00 to 17:30;https://goo.gl/oC5ERQ;https://goo.gl/2d83zr;Process Modelling and Simulation;a
A171;Gain Scheduling approach for slugging control of a multi-well system;Jorge Otávio Trierweiler;Poster;Block A;Mon, 16:00 to 17:30;https://goo.gl/12qJue;https://goo.gl/Lt1R6h;Process Control and Instrumentation;a
A172;Controller Design Based on System Identification Parametric Uncertainty;Mário Gomes Neves Neto;Poster;Block A;Mon, 16:00 to 17:30;https://goo.gl/gtoLPn;https://goo.gl/N8Wxqu;Process Control and Instrumentation;a
A173;Digital Twin applied in the sugar industry;Rafael Marinho Soares;Oral;CT2;Wed, 15:15;https://goo.gl/AU91R6;https://goo.gl/hhRCFr;Industrial Applications of PSE Tools;a
A174;Numerical techniques for separation simulation through membranes;André Luiz Pimentel de Andrade Caetano;Poster;Block A;Mon, 16:00 to 17:30;https://goo.gl/dAiFZE;https://goo.gl/dz1q8v;Process Modelling and Simulation;a
A175;Study of Economic Feasibility of Nanocellulose Production in a Sugarcane Biorefinery: Comparing Methanol and Ethanol for Organosolv Pretreatment;Gustavo Batista;Poster;Block A;Mon, 16:00 to 17:30;https://goo.gl/agrjPJ;https://goo.gl/zwcZKb;Process Synthesis and Design;a
A176;Gray-box Identification of an Oil Production System with two Gas-lift Wells using Polynomial NARMAX Models;Maurício Bezerra de Souza Jr.;Poster;Block A;Mon, 16:00 to 17:30;https://goo.gl/jQCRSp;https://goo.gl/eKzZ82;Process Optimization;a
A177;Fault detection and diagnosis in fiscal metering stations using canonical variate analysis;Afrânio Melo;Poster;Block A;Mon, 16:00 to 17:30;https://goo.gl/A5mGja;https://goo.gl/J8UBEw;Fault Detection and Diagnostics;a
A178;Cost and retro-techno-economic analysis of assisted reverse osmosis under variable membrane properties;Sara Regina Osipi;Poster;Block A;Mon, 16:00 to 17:30;https://goo.gl/2dYJLw;https://goo.gl/gJDDQC;Process Optimization;a
A179;Comparative study between different configurations of a production process of ethyl acrylate;Rafael Barbosa Rios ;Poster;Block A;Mon, 16:00 to 17:30;https://goo.gl/ZhxALz;https://goo.gl/ypkGbn;Process Optimization;a
A180;Fault Detection and Diagnosis in the Dry Gas Seal System of an Industrial CO2 Compression Train;Felipo Doval Rojas Soares;Oral;CT2;Mon, 12:15;https://goo.gl/aBeig4;https://goo.gl/QrvKih;Industrial Applications of PSE Tools;a
A181;Data reconciliation and gross error detection in a membrane gas permeation process;Diego Queiroz Faria de Menezes;Poster;Block A;Mon, 16:00 to 17:30;https://goo.gl/ADr1mv;https://goo.gl/QAs9Da;Data Mining and Machine Learning;a
A182;Development of an open-source tool for equation-oriented simulation of processes;Cid Marcos Gonçalves Andrade;Poster;Block A;Mon, 16:00 to 17:30;https://goo.gl/yMVFH9;https://goo.gl/z9kZea;Process Modelling and Simulation;a
A183;Technical-economic evaluation and cost curves for bioethylene production;Raphael Vasconcelos Paes de Mello;Poster;Block A;Mon, 16:00 to 17:30;https://goo.gl/qW9GgP;https://goo.gl/e9HTyy;Process Synthesis and Design;a
A184;Use of Pitzer and extended Debye-Huckel models to evaluate the effects of pH on CO2 speciation;Gerson Francisco da Silva Junior;Poster;Block A;Mon, 16:00 to 17:30;https://goo.gl/692n2E;https://goo.gl/6bq7Cr;Process Modelling and Simulation;a
A186;A Simultaneous Approach for the Synthesis of Multiperiod Heat Exchanger Network using Particle Swarm Optimization.;Cid Marcos Gonçalves Andrade;Poster;Block A;Mon, 16:00 to 17:30;https://goo.gl/9xDjc4;https://goo.gl/Nvzxdx;Process Optimization;a
A187;Thermodynamic methods for assessing controllability: a brief review;Cid Marcos Gonçalves Andrade;Poster;Block A;Mon, 16:00 to 17:30;https://goo.gl/pV58D4;https://goo.gl/hR7e1E;Process Integration and Intensification;a
A188;Evaluation of the controllability of heat exchanger networks using a thermodynamic approach;Cid Marcos Gonçalves Andrade;Poster;Block A;Mon, 16:00 to 17:30;https://goo.gl/Z4BVr4;https://goo.gl/tXZwtE;Process Integration and Intensification;a
A190;Flexibility of a NMPC for multivariate and multi-constraint control applied to a non-isothermal chemical reactor;Arioston Araújo de Morais Júnior;Oral;CT2;Tue, 12:15;https://goo.gl/27fkiv;https://goo.gl/QJfhJQ;Process Control and Instrumentation;a
A191;Simulation of a CO2 capture unit from the post combustion gases from thermoelectric plants;Arioston Araújo de Morais Júnior;Poster;Block A;Mon, 16:00 to 17:30;https://goo.gl/7sfJRz;https://goo.gl/c5ayzi;Process Modelling and Simulation;a
A192;Chemical and phases equilibrium calculations by Gibbs energy minimization using methods based on Lagrange Multipliers for the process of CO2 absorption;Arioston Araújo de Morais Júnior;Poster;Block A;Mon, 16:00 to 17:30;https://goo.gl/F5F52W;https://goo.gl/fhBFxN;Process Modelling and Simulation;a
A193;Simulation and Optimization of Second Generation Ehanol Fermentation in Three Continuous Reactors at Sucessively Lower Temperatures;Rafael Ramos de Andrade;Poster;Block A;Mon, 16:00 to 17:30;https://goo.gl/mxBCqe;https://goo.gl/PLfWDy;Process Modelling and Simulation;a
A194;Inference control strategies using nonlinear state estimators applied to a non-isothermal chemical reactor;Arioston Araújo de Morais Júnior;Poster;Block A;Mon, 16:00 to 17:30;https://goo.gl/SpgJnk;https://goo.gl/tTK3zt;Process Control and Instrumentation;a
A195;Predictive Control and Constrained Estimation through Particle Filter Applied to a CSTR with van de Vusse Reaction scheme;Julio Cesar Sampaio Dutra;Poster;Block A;Mon, 16:00 to 17:30;https://goo.gl/DuXB6D;https://goo.gl/2z3mTr;Process Control and Instrumentation;a
A196;Corn straw pretreatment for ethanol production: process simulation and exergy analysis;William Costa e Silva;Poster;Block A;Mon, 16:00 to 17:30;https://goo.gl/a3UAAA;https://goo.gl/wNiiUn;Process Modelling and Simulation;a
A197;Design and Assemble of a Low-Cost Level and Flow Control Prototype for a Process Control Teaching Laboratory;Lucas Fernando Santos;Poster;Block A;Mon, 16:00 to 17:30;https://goo.gl/W1Zfjr;https://goo.gl/hNJfCP;Process Control and Instrumentation;a
A198;Simulation of Cogeneration Process from the Combustion of the Cashew Apple Bagasse;Álvaro Daniel Teles Pinheiro;Poster;Block A;Mon, 16:00 to 17:30;https://goo.gl/joAPBa;https://goo.gl/4qDH5D;Process Modelling and Simulation;a
A200;Techno-economic-environmental assessment of routes for biodiesel production;Erich Potrich;Poster;Block A;Mon, 16:00 to 17:30;https://goo.gl/p8RgiE;https://goo.gl/N7Ko1u;Process Modelling and Simulation;a
A201;Simulation of a Batch Distillation Column for the Triethylene Glycol Production;Nathália Romanzini Bastos;Poster;Block A;Mon, 16:00 to 17:30;https://goo.gl/SdBvrE;https://goo.gl/Cszomm;Process Modelling and Simulation;a
A202;Simulation of the cheese production process and introduction of enzymatic reactions through the simulator ProsimPlus;Anderson da Silva Chaves;Poster;Block A;Mon, 16:00 to 17:30;https://goo.gl/f5SnFk;https://goo.gl/9jw9hh;Process Modelling and Simulation;a
A203;New Insights on the Heat Exchanger Design Optimization Exploring Fouling Mitigation;André Luiz Hemerly Costa;Poster;Block A;Mon, 16:00 to 17:30;https://goo.gl/2gKQHz;https://goo.gl/Ry1NSM;Process Synthesis and Design;a
A204;Breaking the Heuristic Paradigm for Chemical Process Equipment Design Using Optimization Techniques;André Luiz Hemerly Costa;Oral;CT2;Tue, 15:15;https://goo.gl/qTW5DA;https://goo.gl/1GU2n2;Process Synthesis and Design;a
A205;Importance of Database and Computational Tools to Introduce RD&I of Chemical Process Engineering in Industry 4.0;Adriana Goulart;Poster;Block A;Mon, 16:00 to 17:30;https://goo.gl/sjK8Za;https://goo.gl/qgd2VS;Data Mining and Machine Learning;a
A206;A Review on Optimization Methods for Equation-Oriented Flowsheeting Ssystem;Rafael de Pelegrini Soares;Poster;Block A;Mon, 16:00 to 17:30;https://goo.gl/zsjNm2;https://goo.gl/Ri9JXu;Process Optimization;a
A207;Development of process solution applied to specialty sugars: from R&D perspectives until the industrial scale;Renata Barbosa de Oliveira;Poster;Block A;Mon, 16:00 to 17:30;http://tinyurl.com/y4vdlz2o;http://tinyurl.com/y3b94p2r;Process Integration and Intensification;a
A208;Machine Learning for Predictive Maintenance;Bruna Bertoni Giron;Poster;Block A;Mon, 16:00 to 17:30;http://tinyurl.com/y4zb5jpv;http://tinyurl.com/y2qubpjx;Data Mining and Machine Learning;a
A209;Virtual and Augmented Reality for Industrial Applications;Bruna Bertoni Giron;Poster;Block A;Mon, 16:00 to 17:30;http://tinyurl.com/yxzpc5wl;http://tinyurl.com/y3se68ly;Industrial Applications of PSE Tools;a
A210;Application of Artificial Intelligence Modeling in the Flat Membranes Synthesis;Roberto Bentes de Carvalho;Poster;Block A;Mon, 16:00 to 17:30;http://tinyurl.com/yynncflz;http://tinyurl.com/y5cfs2ul;Process Modelling and Simulation;a
A211;Definition of Preliminary Data of Process to Construction of Engineering Drawings: Application in the Elutriation Process;Roberto Bentes de Carvalho;Poster;Block A;Mon, 16:00 to 17:30;http://tinyurl.com/yyu4j7pr;http://tinyurl.com/y2rt6683;Process Synthesis and Design;a
A212;Mathematical Model of Optimization for the Routing Problem Associated with the Degradability of Sodium Hypochlorite;João Inácio soletti;Poster;Block A;Mon, 16:00 to 17:30;https://tinyurl.com/y3kbzeye;https://tinyurl.com/y27thlkh;Process Optimization;a
A213;Techno Economic Analysis of Biosurfactant Production in the Sugar Industry as the By-product from the Sugarcane Bagasse;Harikishan R. Ellamla;Poster;Block A;Mon, 16:00 to 17:30;https://tinyurl.com/y6qg3jxb;https://tinyurl.com/y5726fsz;Process Synthesis and Design;a
A214;A comparative study of Particle Swarm Optimization and Nelder Mead Algorithms for Multimodal Optimization Problems;Isabela Barreto Correa;Poster;Block A;Mon, 16:00 to 17:30;https://tinyurl.com/y4l2oojj;https://tinyurl.com/y3vcd8yd;Process Optimization;a
A215;Two-layer MPC with Model Switching Scheme applied to a Nonlinear System;Luz Adriana Alvarez;Poster;Block A;Mon, 16:00 to 17:30;https://tinyurl.com/yxd3ug9a;https://tinyurl.com/y2lfhba5;Process Optimization;a
